"Job Title",experience_years,total_compensation
" Analyst","8 - 10 years",67800
" Cap Team","8 - 10 years",36520
" Controller ","8 - 10 years",224000
"(State Agency) Legislative Director","8 - 10 years",165200
"24 Frame Video Playback","8 - 10 years",412000
"3D Artist","8 - 10 years",21000
"5Th Year Associate At Law Firm ","8 - 10 years",452000
"6-8 English As A Second Language Teacher","8 - 10 years",49008
"Academic Advisor","8 - 10 years",323000
"Academic Advisor ","8 - 10 years",55000
"Academic Librarian","8 - 10 years",223000
"Academic Oncologist","8 - 10 years",450000
"Academic Records Coordinator","8 - 10 years",54800
"Accessibility Consultant","8 - 10 years",240000
"Account Executive","8 - 10 years",594500
"Account Manager","8 - 10 years",1059500
"Account Payable","8 - 10 years",35000
"Account Supervisor","8 - 10 years",152000
"Account Supervisor- Pr","8 - 10 years",75000
Accountant,"8 - 10 years",107500
"Accountant ","8 - 10 years",238000
"Accounting Analyst ","8 - 10 years",165000
"Accounting And Office Administrator ","8 - 10 years",69333
"Accounting Assistant ","8 - 10 years",45000
"Accounting Associate (Temp)","8 - 10 years",37000
"Accounting Clerk","8 - 10 years",95940
"Accounting Clerk I","8 - 10 years",39844
"Accounting Clerk/Sales Coordinator","8 - 10 years",29120
"Accounting Manager","8 - 10 years",672050
"Accounting Support","8 - 10 years",44520
"Accounts Payable","8 - 10 years",52000
"Accounts Payable Clerk","8 - 10 years",48000
"Accounts Receivable Admin","8 - 10 years",35500
"Accounts Receivable Administrator ","8 - 10 years",35000
"Accounts Receivable Manager","8 - 10 years",67000
"Acquisition Editor","8 - 10 years",63000
"Acquisitions Editor","8 - 10 years",104500
"Activities Coordinator ","8 - 10 years",34800
"Adjunct Instructor","8 - 10 years",34000
"Adjunct Professor","8 - 10 years",36000
Admin,"8 - 10 years",34800
"Admin / Data Entry","8 - 10 years",57000
"Admin Assistant","8 - 10 years",45740
"Admin Assistant ","8 - 10 years",33480
"Admin Director ","8 - 10 years",42500
"Admin Support","8 - 10 years",65200
"Administration Manager","8 - 10 years",89500
"Administrative Assistant","8 - 10 years",522700
"Administrative Assistant ","8 - 10 years",163400
"Administrative Assistant / Marketing Coordinator","8 - 10 years",53000
"Administrative Assistant & Systems Analyst","8 - 10 years",35700
"Administrative Assistant/Hr","8 - 10 years",43000
"Administrative Clerk Ii","8 - 10 years",49377
"Administrative Coordinator","8 - 10 years",55000
"Administrative Information Management Specialist Supervisor / Atip Coordinator","8 - 10 years",52000
"Administrative Manager","8 - 10 years",55000
"Administrative Officer","8 - 10 years",153527
"Administrative Specialist","8 - 10 years",113500
"Administrative Support","8 - 10 years",45000
"Administrative Support Specialist ","8 - 10 years",52000
Administrator,"8 - 10 years",20800
"Administrator ","8 - 10 years",24000
"Admission Counselor","8 - 10 years",58000
"Admissions Advisor","8 - 10 years",56000
"Adoptions Client Care Supervisor ","8 - 10 years",50419
"Adult Services Librarian","8 - 10 years",123000
"Affordable Hounited Statesing Manager","8 - 10 years",67000
"After School Program Leader","8 - 10 years",27000
"Agency Attorney","8 - 10 years",182000
"Ai Consultant","8 - 10 years",267000
"Alliance Manager","8 - 10 years",104400
"Ambulatory Care Pharmacist","8 - 10 years",323620
Analyst,"8 - 10 years",655580
"Analyst Manager","8 - 10 years",71500
"Analyst, Principal ","8 - 10 years",362000
"Analytics Manager","8 - 10 years",1067600
"Annual Fund Manager","8 - 10 years",66000
"Ap Admin ","8 - 10 years",38000
"Appellate Attorney","8 - 10 years",173000
"Application Developer","8 - 10 years",66780
"Application Support Engineer","8 - 10 years",67275
"Appraiser Assistant","8 - 10 years",56000
Architect,"8 - 10 years",166000
"Architectural Designer","8 - 10 years",55000
"Architectural Technologist","8 - 10 years",47775
"Archives Technician","8 - 10 years",37000
Archivist,"8 - 10 years",635900
"Archivist And Records Manager ","8 - 10 years",50000
"Archivist/Records Manager","8 - 10 years",55000
"Area Coordinator ","8 - 10 years",217592
"Area Sales Manager","8 - 10 years",75500
"Armored Car Driver","8 - 10 years",36112
"Asset Manager","8 - 10 years",75000
Assistant,"8 - 10 years",15900
"Assistant ","8 - 10 years",28000
"Assistant Acquisitions Editor","8 - 10 years",43607
"Assistant Attorney General","8 - 10 years",67500
"Assistant Character Designer","8 - 10 years",52000
"Assistant Company Secretary","8 - 10 years",46000
"Assistant Curator ","8 - 10 years",58500
"Assistant Dir. Of Admissions","8 - 10 years",44000
"Assistant Director","8 - 10 years",309000
"Assistant Director ","8 - 10 years",135850
"Assistant Director Of Admission","8 - 10 years",54500
"Assistant Director Of Advancement Services","8 - 10 years",50300
"Assistant Director Of Communications And Partnerships","8 - 10 years",166000
"Assistant Director Of Education","8 - 10 years",120800
"Assistant Director Of Faculty Programs","8 - 10 years",170000
"Assistant Director Of Finance","8 - 10 years",182000
"Assistant Director Of Finance ","8 - 10 years",53000
"Assistant Director Of Major Gifts","8 - 10 years",150000
"Assistant Director Of Research","8 - 10 years",156000
"Assistant Director Of Study Abroad","8 - 10 years",65000
"Assistant Director, Admissions","8 - 10 years",156000
"Assistant Director, Graduate Admissions","8 - 10 years",60000
"Assistant District Attorney","8 - 10 years",178940
"Assistant Editor","8 - 10 years",52000
"Assistant Editorial Manager","8 - 10 years",58000
"Assistant Fabrication Manager","8 - 10 years",34000
"Assistant Librarian","8 - 10 years",192000
"Assistant Library Director","8 - 10 years",180000
"Assistant Manager","8 - 10 years",60000
"Assistant Manager ","8 - 10 years",40500
"Assistant Marketing Manager\Graphic Designer","8 - 10 years",50500
"Assistant Nature-Based Preschool Teacher ","8 - 10 years",33448
"Assistant Planner","8 - 10 years",100000
"Assistant Principal","8 - 10 years",224000
"Assistant Producer","8 - 10 years",52000
"Assistant Product Manager","8 - 10 years",34350
"Assistant Production Manager","8 - 10 years",159000
"Assistant Prof","8 - 10 years",240000
"Assistant Professor","8 - 10 years",1681025
"Assistant Professor ","8 - 10 years",310000
"Assistant Professor Of Munited Statesic","8 - 10 years",59000
"Assistant Professor, Tenure-Track","8 - 10 years",45000
"Assistant Project Manafer","8 - 10 years",170000
"Assistant Public Defender","8 - 10 years",50000
"Assistant Store Manager","8 - 10 years",179400
"Assistant To Property Managers","8 - 10 years",31500
"Assistant Vice President","8 - 10 years",218000
"Assistant Winemaker","8 - 10 years",57768
Associate,"8 - 10 years",3866000
"Associate ","8 - 10 years",370000
"Associate - Financial Reporting","8 - 10 years",85000
"Associate Attorney","8 - 10 years",1530900
"Associate Attorney ","8 - 10 years",1055000
"Associate Brand Director","8 - 10 years",380000
"Associate Brand Manager","8 - 10 years",238000
"Associate Bunited Statesiness Development","8 - 10 years",72475
"Associate Capital Program Analyst","8 - 10 years",161400
"Associate Chairperson","8 - 10 years",778000
"Associate Consultant","8 - 10 years",228000
"Associate Counsel","8 - 10 years",363830
"Associate Data Analyst","8 - 10 years",64500
"Associate Director","8 - 10 years",1439838
"Associate Director ","8 - 10 years",290000
"Associate Director - Financial Operations ","8 - 10 years",182000
"Associate Director Hr","8 - 10 years",195000
"Associate Director Of Admissions ","8 - 10 years",74000
"Associate Director Of Analytics","8 - 10 years",220000
"Associate Director Of Annual Giving","8 - 10 years",113000
"Associate Director Of Development","8 - 10 years",72000
"Associate Director Of Evaluation","8 - 10 years",65400
"Associate Director Of Grants And Proposals","8 - 10 years",52500
"Associate Director Of Marketing","8 - 10 years",258000
"Associate Director Of Undergraduate Admissions","8 - 10 years",74000
"Associate Director, Culture And Talent","8 - 10 years",174000
"Associate Director, Finance Operations","8 - 10 years",240000
"Associate Distribution Designer","8 - 10 years",49500
"Associate Editor","8 - 10 years",81200
"Associate Events Manager","8 - 10 years",42460
"Associate General Counsel","8 - 10 years",470000
"Associate Lawyer","8 - 10 years",615800
"Associate Learning Designer","8 - 10 years",34000
"Associate Marketing Manager ","8 - 10 years",255200
"Associate Product Manager","8 - 10 years",387000
"Associate Professor","8 - 10 years",374000
"Associate Professor (Tenured)","8 - 10 years",36000
"Associate Project Manager ","8 - 10 years",80000
"Associate Publisher","8 - 10 years",60000
"Associate Publishing Manager","8 - 10 years",61500
"Associate Scientist ","8 - 10 years",47000
"Associate Software Engineer","8 - 10 years",72500
"Associate Technical Account Manager","8 - 10 years",300000
"Associate Tutor","8 - 10 years",50000
"Associate Vp","8 - 10 years",340000
"Association Manager","8 - 10 years",40000
"Asst. Office Manager","8 - 10 years",52500
"Asst. Social Media Manager","8 - 10 years",71000
"Athletic Trainer","8 - 10 years",34500
Attorney,"8 - 10 years",2116000
"Attorney ","8 - 10 years",1286000
"Attorney Advisor","8 - 10 years",297000
"Attorney Recruiting Coordinator ","8 - 10 years",60000
"Audio Editor","8 - 10 years",194000
"Audit Trainee","8 - 10 years",23000
Auditor,"8 - 10 years",30
"Auditor Iii","8 - 10 years",161000
"Automated Tester","8 - 10 years",31700
"Automation Engineer","8 - 10 years",70000
"Automotive Sales ","8 - 10 years",62000
"Automotive Technician ","8 - 10 years",160000
"Avp, Unit Manager, Communications","8 - 10 years",338000
"Aws Solutions Architect","8 - 10 years",450000
"Backend Engineer","8 - 10 years",270000
Baker,"8 - 10 years",35600
Banker,"8 - 10 years",34320
"Bar Staff","8 - 10 years",18532
Barista,"8 - 10 years",21000
Bcba/Lba,"8 - 10 years",160000
"Beamline Scientist","8 - 10 years",40295
"Behavior Specialist","8 - 10 years",46480
"Benefits Administrator","8 - 10 years",51000
"Benefits Advisor","8 - 10 years",58000
"Benefits Operations Analyst","8 - 10 years",66500
"Benefits Program Manager","8 - 10 years",174000
"Benefits Specialist","8 - 10 years",73000
"Beverage Manager","8 - 10 years",63500
"Bi Analyst","8 - 10 years",160000
"Bid Manager","8 - 10 years",110000
"Bid Writer","8 - 10 years",200000
"Billing & Accounts Receivable Coordinator ","8 - 10 years",42000
"Billing Coordinator","8 - 10 years",75215
"Billing Specialist","8 - 10 years",32240
Biologist,"8 - 10 years",214000
Biostatistician,"8 - 10 years",250200
Bookkeeper,"8 - 10 years",94600
Bookkkeeper,"8 - 10 years",12000
Bookseller,"8 - 10 years",18500
"Branch Manager","8 - 10 years",110330
"Brand Manager","8 - 10 years",200000
"Brand Manager ","8 - 10 years",265000
"Brand Strategist","8 - 10 years",70000
"Brokerage Risk Specialist","8 - 10 years",209000
"Bsa Manager","8 - 10 years",212000
"Bsa/Aml/Ofac Admin","8 - 10 years",35000
"Budget Analyst","8 - 10 years",392000
"Budget And Policy Analyst","8 - 10 years",208000
"Bunited Statesiness Administrator","8 - 10 years",57878
"Bunited Statesiness Analyst","8 - 10 years",1348356
"Bunited Statesiness Consultant","8 - 10 years",218000
"Bunited Statesiness Continuity Analyst","8 - 10 years",58000
"Bunited Statesiness Design Consultant","8 - 10 years",284000
"Bunited Statesiness Design Consultant ","8 - 10 years",274000
"Bunited Statesiness Development & Service Manager","8 - 10 years",63000
"Bunited Statesiness Development Manager ","8 - 10 years",170000
"Bunited Statesiness Development Representative","8 - 10 years",60000
"Bunited Statesiness Development Specialist","8 - 10 years",69000
"Bunited Statesiness Informaticist","8 - 10 years",68000
"Bunited Statesiness Intelligence Analyst","8 - 10 years",141488
"Bunited Statesiness Intelligence Assistant ","8 - 10 years",22300
"Bunited Statesiness Intelligence Engineer","8 - 10 years",370800
"Bunited Statesiness Intelligence Lead","8 - 10 years",72000
"Bunited Statesiness Intelligence Manager","8 - 10 years",340000
"Bunited Statesiness Intelligence Specialist","8 - 10 years",75000
"Bunited Statesiness Management Support","8 - 10 years",26350
"Bunited Statesiness Operations (Data Analyst)","8 - 10 years",244000
"Bunited Statesiness Operations Analyst","8 - 10 years",107278
"Bunited Statesiness Operations Manager","8 - 10 years",297202
"Bunited Statesiness Representative","8 - 10 years",160000
"Bunited Statesiness Systems Analyst","8 - 10 years",368000
"Bunited Statesiness Systems Analyst ","8 - 10 years",64000
"Bunited Statesiness Technology Liaison ","8 - 10 years",51600
"Bunited Statesinesses Analyst Manager ","8 - 10 years",270000
"Bunited Statessiness Assistant","8 - 10 years",485134
Buyer,"8 - 10 years",83000
Buyer/Manager,"8 - 10 years",67000
"Bylaw Enforcement Officer","8 - 10 years",76500
"Campaigns And Policy Coordinator ","8 - 10 years",28500
"Candidate Experience Specialist","8 - 10 years",70000
"Care Assistant ","8 - 10 years",18200
"Care Manager","8 - 10 years",100000
"Career Coach","8 - 10 years",45000
"Career Counselor","8 - 10 years",62500
"Careers Adviser","8 - 10 years",26000
Caregiver,"8 - 10 years",35000
Carpenter,"8 - 10 years",48000
"Case Manager","8 - 10 years",378594
"Case Manager ","8 - 10 years",48000
Caseworker,"8 - 10 years",34112
Ceo,"8 - 10 years",442000
"Certified Pharmacy Technician","8 - 10 years",40000
"Certified Registered Nurse Anesthetist ","8 - 10 years",345000
Cfo,"8 - 10 years",16000
"Change & Internal Communications Manager","8 - 10 years",58600
"Channel Development Manager","8 - 10 years",173000
Chaplain,"8 - 10 years",32000
"Chef And Recipe Developer","8 - 10 years",181500
"Chief Executive Official","8 - 10 years",50
"Chief Of Staff","8 - 10 years",970000
"Chief Of Staff ","8 - 10 years",170000
"Chief Operations Officer","8 - 10 years",160000
"Chief Therapist  - Radiation Therapist","8 - 10 years",68600
"Child Care Center Licensor","8 - 10 years",68000
"Chiropractic Assistant","8 - 10 years",29120
"City Administrator","8 - 10 years",190000
"City Planner","8 - 10 years",73000
"Civil Rights Lawyer","8 - 10 years",204000
"Claims Adjunited Statester","8 - 10 years",67700
"Claims Operations Analyst","8 - 10 years",74000
"Claims Processor 2","8 - 10 years",52898
"Claims Representative","8 - 10 years",55300
"Claims Representative ","8 - 10 years",158000
"Claims Specialist ","8 - 10 years",69600
Cleaner,"8 - 10 years",41600
"Client Manager","8 - 10 years",61000
"Client Partner","8 - 10 years",80000
"Client Relationship Manager","8 - 10 years",71000
"Client Relationship Manager ","8 - 10 years",35500
"Client Service Manager","8 - 10 years",68000
"Client Service Manager ","8 - 10 years",71000
"Client Service Rep","8 - 10 years",74189
"Client Service Representative","8 - 10 years",301900
"Client Services Coordinator","8 - 10 years",47840
"Client Services Manager","8 - 10 years",72500
"Client Services Representative","8 - 10 years",40000
"Clinic Director","8 - 10 years",68000
"Clinical Biospecimen Coordinator","8 - 10 years",43000
"Clinical Engineer","8 - 10 years",346000
"Clinical Laboratory Scientist","8 - 10 years",246000
"Clinical Manager ","8 - 10 years",67000
"Clinical Operations Associate Director","8 - 10 years",271520
"Clinical Psychologist","8 - 10 years",156000
"Clinical Research Monitor","8 - 10 years",73405
"Clinical Research Project Manager","8 - 10 years",66400
"Clinical Supervisor","8 - 10 years",121500
"Clinical Support Coordinator ","8 - 10 years",41600
"Clinical Trial Associate ","8 - 10 years",202000
"Clinical Trial Coordinator","8 - 10 years",64500
"Clinical Trial Manager","8 - 10 years",296000
"Clinician ","8 - 10 years",57100
"Clinician Recruiter","8 - 10 years",190440
"Cloud Engineer","8 - 10 years",240000
"Cloud Operations Engineer","8 - 10 years",74000
"Collections Librarian","8 - 10 years",53923
"College Assistant Archivist","8 - 10 years",31000
"College Success Manager","8 - 10 years",45000
"Commercial And Finance Manager","8 - 10 years",200000
"Commercial Compliance Manager","8 - 10 years",30000
"Commercial Portfolio Manager","8 - 10 years",280000
"Commercial Service Representative","8 - 10 years",72000
"Communication Officer","8 - 10 years",180000
"Communication Specialist","8 - 10 years",320000
"Communications & Fundraising Officer","8 - 10 years",25000
"Communications & Program Administration Manager","8 - 10 years",32000
"Communications Advisor","8 - 10 years",172000
"Communications Analyst","8 - 10 years",240000
"Communications And Projects Coordinator","8 - 10 years",74000
"Communications Coordinator","8 - 10 years",281111
"Communications Director","8 - 10 years",98000
"Communications Director ","8 - 10 years",72000
"Communications Manager","8 - 10 years",537000
"Communications Officer","8 - 10 years",154000
"Communications Project Manager","8 - 10 years",70000
"Communications Specialist ","8 - 10 years",66500
"Community And Events Manager","8 - 10 years",70000
"Community Development Planner","8 - 10 years",72000
"Community Engagement And Communications Specialist","8 - 10 years",42520
"Community Living Team Manager ","8 - 10 years",48000
"Community Loyalty Team Representative","8 - 10 years",44000
"Community Manager","8 - 10 years",200000
"Community Organizer ","8 - 10 years",36000
"Community Organizing Manager","8 - 10 years",55000
"Community Programmes Administrator","8 - 10 years",58500
"Compensation Manager","8 - 10 years",176000
"Competent Authority Analyst","8 - 10 years",245060
"Complex Coordinator","8 - 10 years",36000
"Compliance Assistant","8 - 10 years",45720
"Compliance Associate ","8 - 10 years",82500
"Compliance Manager","8 - 10 years",362000
"Compliance Officer","8 - 10 years",153000
"Compliance Programmer","8 - 10 years",51500
Compositor,"8 - 10 years",180000
"Computer Systems Analyst","8 - 10 years",163000
"Computer Technician I","8 - 10 years",38000
"Conflicts Analyst","8 - 10 years",27000
"Construction Materials Testing Tech","8 - 10 years",32000
"Construction Project Accountant","8 - 10 years",75000
Consultant,"8 - 10 years",2375000
"Consultant ","8 - 10 years",558000
"Consultant (In-Hounited Statese, Not Freelance)","8 - 10 years",260000
"Consultant / Project Manager","8 - 10 years",216000
"Consultant Ii","8 - 10 years",152500
"Consumer Back Office Representative- Financials","8 - 10 years",35360
"Consumer Insights Specialist","8 - 10 years",61000
"Contact Tracer","8 - 10 years",201270
"Content And Brand Strategist","8 - 10 years",54500
"Content Designer","8 - 10 years",398000
"Content Development Manager ","8 - 10 years",84618
"Content Director","8 - 10 years",180000
"Content Editor","8 - 10 years",53000
"Content Marketing Manager","8 - 10 years",320000
"Content Producer","8 - 10 years",62400
"Content Strategist","8 - 10 years",338000
"Content Strategist And Writer","8 - 10 years",57000
"Content Writer","8 - 10 years",43980
"Content Writer/Copywriter","8 - 10 years",41000
"Continuing Education Librarian","8 - 10 years",48807
"Continuounited States Improvement Lead","8 - 10 years",26500
"Continuounited States Process Improvement Manager","8 - 10 years",67000
"Contract Branch Manager","8 - 10 years",184000
"Contract Manager","8 - 10 years",70000
"Contracting Manager ","8 - 10 years",136000
"Contractor ","8 - 10 years",190000
"Contracts Specialist","8 - 10 years",264000
"Contracts Specialist 3","8 - 10 years",67204
"Control & Risk Management Manager ","8 - 10 years",255000
Controller,"8 - 10 years",220000
"Controlling Assistant","8 - 10 years",55000
"Conventional Mortgage Underwriter ","8 - 10 years",85000
"Conversion Optimization Specialist","8 - 10 years",196000
Coo,"8 - 10 years",280000
"Coordination Bunited Statesiness Partner","8 - 10 years",68000
Coordinator,"8 - 10 years",296780
"Coordinator ","8 - 10 years",113000
"Coordinator Of Academic Advising ","8 - 10 years",37500
"Coordinator Of Instructional Technology","8 - 10 years",31500
"Coordinator Of Sales","8 - 10 years",32240
"Coordinator, Student Volunteer Programs","8 - 10 years",42500
"Copy Writer","8 - 10 years",37100
Copywriter,"8 - 10 years",395000
Copywriter/Proofreader,"8 - 10 years",50000
"Copywriting Supervisor","8 - 10 years",49500
"Corporate & Foundation Relations Manager","8 - 10 years",41000
"Corporate Counsel","8 - 10 years",606000
"Corporate Educator","8 - 10 years",37360
"Corporate Pa ","8 - 10 years",21500
"Corporate Recruiter","8 - 10 years",64000
"Corporate Strategy","8 - 10 years",318000
"Cost & Pricing Officer","8 - 10 years",184000
Counselor,"8 - 10 years",50000
"Counselor ","8 - 10 years",39000
"Country Head Of Market Access","8 - 10 years",510000
"Countryside Worker","8 - 10 years",20200
Cpa,"8 - 10 years",204000
"Cpa (Tax Senior Associate) ","8 - 10 years",75000
"Creative Producer","8 - 10 years",222400
"Creative Services Specialist","8 - 10 years",72077
"Credentialing Coordinator","8 - 10 years",53000
"Credentialing Specialist","8 - 10 years",64000
"Credit Administration Officer","8 - 10 years",59000
"Credit Analyst","8 - 10 years",254000
"Credit Department Manager","8 - 10 years",162000
"Credit Specialist","8 - 10 years",50000
"Crime Data Analyst","8 - 10 years",178340
"Crisis Communications Manager","8 - 10 years",62700
"Crisis Line Manager","8 - 10 years",56000
"Critical Facilities Supervisor ","8 - 10 years",258000
"Crm Analyst","8 - 10 years",175100
"Crm And Inside Sales Manager","8 - 10 years",78000
"Crm Manager","8 - 10 years",260000
"Crm Manager ","8 - 10 years",70
"Cro Manager","8 - 10 years",180000
Csr,"8 - 10 years",39520
"Csr Ii","8 - 10 years",51000
"Cte Marketing Teacher","8 - 10 years",58500
"Cultural Resources Specialist & Archeologist","8 - 10 years",72500
"Cunited Statestodian Of Records","8 - 10 years",163000
"Cunited Statestomer Account Manager ","8 - 10 years",220000
"Cunited Statestomer Advisor","8 - 10 years",20750
"Cunited Statestomer Care Advisor","8 - 10 years",29700
"Cunited Statestomer Experience Associate","8 - 10 years",54000
"Cunited Statestomer Experience Director ","8 - 10 years",300000
"Cunited Statestomer Experience Manager ","8 - 10 years",31500
"Cunited Statestomer Experience Supervisor","8 - 10 years",74720
"Cunited Statestomer Project Officer","8 - 10 years",41000
"Cunited Statestomer Relations Clerk/Accounts Receivable Clerk","8 - 10 years",45000
"Cunited Statestomer Service (Specialty Dept)","8 - 10 years",49000
"Cunited Statestomer Service Agent","8 - 10 years",36000
"Cunited Statestomer Service Manager","8 - 10 years",25000
"Cunited Statestomer Service Manager ","8 - 10 years",41288
"Cunited Statestomer Service Rep","8 - 10 years",30080
"Cunited Statestomer Service Rep Iii","8 - 10 years",40518
"Cunited Statestomer Service Representative","8 - 10 years",131800
"Cunited Statestomer Service Technical Trainer","8 - 10 years",49900
"Cunited Statestomer Success Manager","8 - 10 years",1296600
"Cunited Statestomer Success Manager ","8 - 10 years",70000
"Cunited Statestomer Support Manager","8 - 10 years",144000
"Cunited Statestomer Support Representative","8 - 10 years",55000
"Cunited Statestomer Support Specialist","8 - 10 years",54600
"Curriculum Coordinator ","8 - 10 years",60000
"Cx Coach ","8 - 10 years",47000
"Cyber Security Engineer","8 - 10 years",190000
"Data Analyst","8 - 10 years",2846126
"Data Analyst ","8 - 10 years",351230
"Data Analyst Supervisor (Public Health)","8 - 10 years",62500
"Data Analyst, Fundraising","8 - 10 years",70500
"Data Analytics Engineer","8 - 10 years",253000
"Data Analytics Manager ","8 - 10 years",253000
"Data Associate","8 - 10 years",58000
"Data Engineer","8 - 10 years",1551490
"Data Engineer ","8 - 10 years",43000
"Data Entry","8 - 10 years",76720
"Data Insights Analyst","8 - 10 years",196000
"Data Manager","8 - 10 years",378000
"Data Ops Lead","8 - 10 years",280000
"Data Practice Lead","8 - 10 years",262000
"Data Privacy & Compliance Professional","8 - 10 years",270600
"Data Processor","8 - 10 years",29861
"Data Protection Manager","8 - 10 years",190000
"Data Science","8 - 10 years",445000
"Data Science Manager","8 - 10 years",436800
"Data Scientist","8 - 10 years",1630000
"Data Scientist Iii","8 - 10 years",61500
"Data Statistician","8 - 10 years",221406
"Data Strategist","8 - 10 years",166000
"Data Visualization Consultant","8 - 10 years",220000
"Data Visualization Developer","8 - 10 years",176000
"Database Administrator ","8 - 10 years",72000
"Database And Evaluation Coordinator","8 - 10 years",62000
"Database Manager","8 - 10 years",47500
"Degree Programme Manager","8 - 10 years",68000
"Delivery Manager","8 - 10 years",25000
"Deliworker ","8 - 10 years",730000
"Department Assistant Manager","8 - 10 years",43000
"Department Manager","8 - 10 years",204000
"Department Services Manager","8 - 10 years",40000
"Department Supervisor","8 - 10 years",49760
"Deputy Counsel","8 - 10 years",226000
"Deputy County Counsel","8 - 10 years",272000
"Deputy Director","8 - 10 years",165360
"Deputy Director, Digital Media","8 - 10 years",58000
"Deputy Executive Director","8 - 10 years",330000
"Design & Marketing Specialist","8 - 10 years",50300
"Design Director","8 - 10 years",190000
"Design Engineer","8 - 10 years",84000
"Design Engineer ","8 - 10 years",876000
"Design Project Manager","8 - 10 years",182000
"Design Researcher","8 - 10 years",297000
"Design Staff","8 - 10 years",58000
"Design Thinking Strategist","8 - 10 years",195000
Designer,"8 - 10 years",74600
"Desktop Support","8 - 10 years",50000
Despatch,"8 - 10 years",20250
"Detentions Crew Leader","8 - 10 years",41000
Developer,"8 - 10 years",190000
Development,"8 - 10 years",55000
"Development & Communications Officer","8 - 10 years",64000
"Development And Communications Manager","8 - 10 years",55000
"Development And Marketing Coordinator","8 - 10 years",76960
"Development Assistant","8 - 10 years",54800
"Development Associate","8 - 10 years",244780
"Development Coordinator","8 - 10 years",223400
"Development Coordinator ","8 - 10 years",48000
"Development Manager","8 - 10 years",60000
"Development Officer","8 - 10 years",178000
"Development Operations Specialist","8 - 10 years",60000
"Development Project Specialist","8 - 10 years",59000
"Devlopment Manager","8 - 10 years",73000
"Devops Engineer","8 - 10 years",565000
"Devops Manager","8 - 10 years",276000
"Dialysis Clinic Manager","8 - 10 years",186000
Dietitian,"8 - 10 years",70000
"Dietitian ","8 - 10 years",50000
"Digital & Design Manager","8 - 10 years",61500
"Digital Communications & Events Manager","8 - 10 years",42500
"Digital Content Coordinator ","8 - 10 years",61040
"Digital Content Developer","8 - 10 years",172000
"Digital Content Editor ","8 - 10 years",45000
"Digital Designer","8 - 10 years",180000
"Digital Director","8 - 10 years",63000
"Digital Editor ","8 - 10 years",70000
"Digital Engagement Coordinator","8 - 10 years",54000
"Digital Marketing Analyst","8 - 10 years",174000
"Digital Marketing Manager","8 - 10 years",507000
"Digital Marketing Strategist","8 - 10 years",178000
"Digital Media And Communications Coordinator ","8 - 10 years",52000
"Digital Media And Communications Officer","8 - 10 years",40000
"Digital Pr Director","8 - 10 years",58000
"Digital Pr The Executive ","8 - 10 years",27000
"Digital Preservation Specialist","8 - 10 years",180212
"Digital Product Manager","8 - 10 years",555000
"Digital Scholarship Strategist","8 - 10 years",40768
"Digital Strategist","8 - 10 years",62000
"Dining Services Supervisor","8 - 10 years",42300
"Direct Response Copywriter","8 - 10 years",230000
Director,"8 - 10 years",2574000
"Director ","8 - 10 years",380000
"Director Communications, Marketing, And Pr","8 - 10 years",296000
"Director Of Accounting And Finance","8 - 10 years",244000
"Director Of Accounts Receivable","8 - 10 years",68000
"Director Of Advancement Communications ","8 - 10 years",74000
"Director Of Alumni Relations","8 - 10 years",353000
"Director Of Audience Engagement ","8 - 10 years",160000
"Director Of B2B Marketing","8 - 10 years",270000
"Director Of Bunited Statesiness Development","8 - 10 years",470000
"Director Of Client Success","8 - 10 years",244000
"Director Of Communications","8 - 10 years",428000
"Director Of Content","8 - 10 years",416400
"Director Of Corporate Development","8 - 10 years",295998
"Director Of Cunited Statestomer Success","8 - 10 years",877000
"Director Of Cunited Statestomer Success Management ","8 - 10 years",320000
"Director Of Cybersecurity","8 - 10 years",240000
"Director Of Data & Information Systems","8 - 10 years",276000
"Director Of Data Engineering","8 - 10 years",364000
"Director Of Data Science","8 - 10 years",320000
"Director Of Development","8 - 10 years",444000
"Director Of Digital Media","8 - 10 years",151200
"Director Of Donor Engagement","8 - 10 years",42900
"Director Of Donor Relations & Communications ","8 - 10 years",255000
"Director Of Ecommerce","8 - 10 years",178000
"Director Of Education And Public Engagement","8 - 10 years",50000
"Director Of Engineering","8 - 10 years",400000
"Director Of Events","8 - 10 years",200000
"Director Of Family Support","8 - 10 years",37500
"Director Of Finance And Operations","8 - 10 years",56000
"Director Of Guest Experience","8 - 10 years",230000
"Director Of Hr","8 - 10 years",170000
"Director Of Institutional Giving","8 - 10 years",166000
"Director Of Institutional Research","8 - 10 years",58500
"Director Of Legal And Compliance","8 - 10 years",299000
"Director Of Marketing ","8 - 10 years",178000
"Director Of Operations","8 - 10 years",1187800
"Director Of Operations ","8 - 10 years",70000
"Director Of Organizational Operations","8 - 10 years",220000
"Director Of Outreach And Compliance","8 - 10 years",55000
"Director Of Partnerships","8 - 10 years",50000
"Director Of Peo Human Resources","8 - 10 years",78500
"Director Of People Operations","8 - 10 years",196000
"Director Of Policy","8 - 10 years",214000
"Director Of Process Improvement ","8 - 10 years",260000
"Director Of Product","8 - 10 years",250000
"Director Of Product Development","8 - 10 years",289942
"Director Of Product Management","8 - 10 years",396000
"Director Of Program","8 - 10 years",205000
"Director Of Property Management","8 - 10 years",45000
"Director Of Public Policy & Government Affairs","8 - 10 years",211600
"Director Of Research","8 - 10 years",194000
"Director Of Research & Market Strategy","8 - 10 years",226800
"Director Of Research & Strategy","8 - 10 years",300000
"Director Of Research And Strategy","8 - 10 years",248000
"Director Of Studies","8 - 10 years",25000
"Director Of Supply Chain","8 - 10 years",226000
"Director, Advertising Compliance And Forms Design","8 - 10 years",172000
"Director, Bunited Statesiness Strategy","8 - 10 years",320000
"Director, Career Services","8 - 10 years",55000
"Director, Data Management","8 - 10 years",264000
"Director, Initiative Management","8 - 10 years",307600
"Director, Medical Affairs","8 - 10 years",590000
"Director, Operational Performance ","8 - 10 years",264000
"Director, Program Implementation","8 - 10 years",230000
"Director, R&T","8 - 10 years",264000
Dispatcher,"8 - 10 years",113915
"District Manager","8 - 10 years",96500
"District Sales Manager","8 - 10 years",31800
"Diversity Manager","8 - 10 years",246000
"Division Assistant Administrator","8 - 10 years",192000
"Division Director","8 - 10 years",380000
"Doctor (Psychiatry Registrar)","8 - 10 years",329600
"Document Control","8 - 10 years",38000
"Dod Financial Analyst Consultant","8 - 10 years",180000
"Donor Relations Manager","8 - 10 years",164250
"E-Commerce Merchandising Specialist","8 - 10 years",186000
"E-Commerce Specialist","8 - 10 years",45000
"E-Learning Specialist","8 - 10 years",61200
Ea,"8 - 10 years",468000
"Ea To The Chief Development Officer","8 - 10 years",74000
"Ecomm Merchandiser","8 - 10 years",47000
"Ecommerce Marketing Director","8 - 10 years",218000
"Ecommerce Merchandiser ","8 - 10 years",53000
"Ediscovery Specialist","8 - 10 years",216000
Editor,"8 - 10 years",496000
"Editor At A Publishing Company","8 - 10 years",32000
"Editorial Assistant","8 - 10 years",24700
"Editorial Client Manager","8 - 10 years",56500
"Education Manager","8 - 10 years",68000
"Education Program Coordinator","8 - 10 years",75000
"Education Program Manager","8 - 10 years",265960
"Education Program Specialist","8 - 10 years",154000
Educator,"8 - 10 years",54500
"Ehr Analyst Senior","8 - 10 years",62000
"Ehs Analyst","8 - 10 years",70000
"Ehs Coordinator","8 - 10 years",62000
"Ehs Specialist Consultant","8 - 10 years",42000
"Ela Teacher","8 - 10 years",48000
"Elearning Content Developer","8 - 10 years",50000
"Elementary Art Teacher","8 - 10 years",60000
"Elementary Special Education Teacher","8 - 10 years",38600
"Email Marketing And Sms Specialist","8 - 10 years",30290
"Email Marketing Manager","8 - 10 years",335000
"Email Marketing Specialist","8 - 10 years",58000
"Email/Marketing Automation Technologist","8 - 10 years",190000
Embryologist,"8 - 10 years",65154
"Emergency Management Advisor","8 - 10 years",154000
"Employee Benefits Account Manager","8 - 10 years",55000
"Employment Services Specialist","8 - 10 years",95183
Emt,"8 - 10 years",37400
"Enablement Manager","8 - 10 years",156000
"Endoscopy It Manager","8 - 10 years",24907
"Engagement Coordinator","8 - 10 years",48000
"Engagement Manager","8 - 10 years",672000
"Engagement Strategist","8 - 10 years",490000
Engineer,"8 - 10 years",200000
"Engineer ","8 - 10 years",450000
"Engineering Geologist","8 - 10 years",158000
"Engineering Lead","8 - 10 years",341000
"Engineering Manager","8 - 10 years",772000
"English As A Second Language Teacher","8 - 10 years",18000
"English Editor","8 - 10 years",1634000
"Environmental Consultant","8 - 10 years",1460000
"Environmental Engineer","8 - 10 years",178920
"Environmental Health Specialist Ii","8 - 10 years",161782
"Environmental Health Specialist Iv","8 - 10 years",159438
"Environmental Health Technician","8 - 10 years",57000
"Environmental Investigator","8 - 10 years",52000
"Environmental Planner, Natural Sciences","8 - 10 years",68000
"Environmental Scientist","8 - 10 years",79000
"Epic Credentialed Trainer","8 - 10 years",170000
Epidemiologist,"8 - 10 years",70000
"Equity Coordinator","8 - 10 years",197000
"Esl Teacher","8 - 10 years",575000
"Evens & Social Media Coorindator","8 - 10 years",50000
"Event Coordinator","8 - 10 years",80000
"Event Implementation Specialist","8 - 10 years",60000
"Event Manager","8 - 10 years",129200
"Events & Marketing Manager","8 - 10 years",52000
"Events Coordinator ","8 - 10 years",50000
"Events Marketing Specialist","8 - 10 years",76500
"Exec Assistant","8 - 10 years",156000
"Executive Administrative Assistant","8 - 10 years",65000
"Executive And Hr Assistant","8 - 10 years",44450
"Executive Assisraeltant","8 - 10 years",40000
"Executive Assistant","8 - 10 years",1107583
"Executive Assistant ","8 - 10 years",564500
"Executive Assistant To Agency Head","8 - 10 years",168000
"Executive Assistant To The Dean For Research ","8 - 10 years",61500
"Executive Assistant To The Director","8 - 10 years",70000
"Executive Communications Manager","8 - 10 years",230000
"Executive Coordinator","8 - 10 years",58000
"Executive Director","8 - 10 years",169360
"Executive Director Home Health","8 - 10 years",222000
"Executive Officer","8 - 10 years",240000
"Executive Recruiter","8 - 10 years",272000
"Executive Search Associate/Consultant","8 - 10 years",185000
"Executive Secretary (Admin.)","8 - 10 years",52400
"Exercise Physiologist","8 - 10 years",38440
"Exhibit Developer","8 - 10 years",49000
"Exhibitions Coordinator","8 - 10 years",57000
"Exhibitions Manager","8 - 10 years",162000
"Experienced Senior Auditor","8 - 10 years",168000
"Fabricator ","8 - 10 years",170000
"Facilities Manager","8 - 10 years",242000
"Facilities Mechanical Engineer","8 - 10 years",256612
"Facility Lead","8 - 10 years",31300
"Facility Manager ","8 - 10 years",80000
"Factory Quality Specialist","8 - 10 years",69000
"Faculty Coordinator","8 - 10 years",65000
"Fellow ","8 - 10 years",41600
"Field Service Tech","8 - 10 years",70000
"Field Services Technician ","8 - 10 years",59920
"Finance & Contracts Coordinator","8 - 10 years",60320
"Finance & Hr Manager","8 - 10 years",63500
"Finance & Operations Associate","8 - 10 years",55300
"Finance And Administration Manager","8 - 10 years",42500
"Finance Assistant","8 - 10 years",45000
"Finance Director ","8 - 10 years",278000
"Finance Manager","8 - 10 years",790000
"Finance/Administrative Assistant","8 - 10 years",33320
"Financial Aid Counselor","8 - 10 years",91083
"Financial Aid Officer","8 - 10 years",41000
"Financial Analyst","8 - 10 years",235000
"Financial Analyst ","8 - 10 years",160000
"Financial Analyst Iii","8 - 10 years",201880
"Financial Data Specialist","8 - 10 years",57500
"Financial Management Analyst","8 - 10 years",210000
"Financial Officer","8 - 10 years",152000
"Financial Planner","8 - 10 years",90000
"Financial Services Associate","8 - 10 years",40480
"Financial Specialist","8 - 10 years",44096
"Financial Systems Analyst","8 - 10 years",230000
"Financial Systems Manager","8 - 10 years",236000
"First Officer","8 - 10 years",65000
"Fiscal Analyst","8 - 10 years",73000
"Fiscal Assistant","8 - 10 years",35000
"Fit Model","8 - 10 years",68000
"Foia Analyst","8 - 10 years",176000
"Food Technologist","8 - 10 years",192600
"Foreign Affairs Officer","8 - 10 years",228118
"Forensic Latent Print Analyst","8 - 10 years",47936
Founder,"8 - 10 years",480000
"Fp&A Manager","8 - 10 years",210000
"Fraud Analyst","8 - 10 years",55000
Freelance,"8 - 10 years",35000
"Freelance Content Writer","8 - 10 years",60000
"Freelance Copywriter","8 - 10 years",240000
"Freelance Marketing Consultant","8 - 10 years",60000
"Freelance Videographer ","8 - 10 years",220000
"Freelance Writer","8 - 10 years",43000
"Front Desk Agent","8 - 10 years",33800
"Front End Engineer ","8 - 10 years",8602
"Front End Software Engineer","8 - 10 years",240000
"Front Office Supervisor","8 - 10 years",49000
"Front Office Supervisor ","8 - 10 years",30000
"Frontend Software Engineer","8 - 10 years",180000
"Frontend Web Developer","8 - 10 years",89000
"Fuel Efficiency Program Analyst","8 - 10 years",152000
"Fulfillment Quality Specialist","8 - 10 years",67000
"Full Service Bookkeeper","8 - 10 years",150000
"Full Service Bookkeeper ","8 - 10 years",62500
"Function Developer ","8 - 10 years",176000
"Fundraising Coordinator","8 - 10 years",53000
"Fundraising Manager","8 - 10 years",65000
"Funeral Assistant","8 - 10 years",30534
"Game Designer","8 - 10 years",40000
"Games Specialist","8 - 10 years",2036
"Gardens Manager","8 - 10 years",39000
"General Engineer","8 - 10 years",204000
"General Manager","8 - 10 years",426700
"General Manager Of Fulfillment ","8 - 10 years",220000
"General Merchandise Buyer","8 - 10 years",43700
"Genetic Counselor","8 - 10 years",186000
"Geo Ops Lead","8 - 10 years",62000
"Geologist ","8 - 10 years",54000
"Geospatial Analyst","8 - 10 years",38550
"Geriatrician ","8 - 10 years",240000
"Gifts And Data Coordinator ","8 - 10 years",40000
"Gis (Geographic Information Systems) Manager","8 - 10 years",150000
"Gis Coordinator","8 - 10 years",156200
"Gis Programmer Analyst","8 - 10 years",292000
"Gis Specialist","8 - 10 years",75000
"Global Data Team Leader","8 - 10 years",189000
"Global Digital And Social Media Hr Manager ","8 - 10 years",150000
"Global Engagement Manager","8 - 10 years",55000
"Global Financial Crimes Director ","8 - 10 years",250000
"Global Mobility Program Manager","8 - 10 years",188000
"Global Payroll And Compensation Analyst","8 - 10 years",73600
"Gme Program Administrator","8 - 10 years",49000
"Governance And Administration Officer ","8 - 10 years",68816
"Government Relations Director","8 - 10 years",0
"Govt Counsel","8 - 10 years",156000
"Graduate Student","8 - 10 years",26000
"Graduate Studies Coordinator","8 - 10 years",38000
"Grant Coordinator","8 - 10 years",54000
"Grant Director","8 - 10 years",62000
"Grants Administrator","8 - 10 years",240924
"Grants Administrator ","8 - 10 years",170000
"Grants Coordinator","8 - 10 years",55000
"Grants Coordinator B","8 - 10 years",60320
"Grants Management Specialist","8 - 10 years",205760
"Grants Manager","8 - 10 years",140750
"Graphic Designer","8 - 10 years",562500
"Graphic Designer And Project Coordinator","8 - 10 years",33440
"Group Lead","8 - 10 years",240500
"Group Manager","8 - 10 years",196000
"Group Product Manager","8 - 10 years",596000
"Group Underwriter","8 - 10 years",77000
"Guest Services Manager","8 - 10 years",46000
"Haz Mat Coordinator","8 - 10 years",67200
"Head Clerk","8 - 10 years",42520
"Head Of Devops","8 - 10 years",256000
"Head Of Marketing","8 - 10 years",300000
"Head Of People","8 - 10 years",270000
"Head Of Statutory Reporting","8 - 10 years",40500
"Health And Wellness Promoter","8 - 10 years",70000
"Health Equity / Public Health Manager","8 - 10 years",158000
"Health Information Management Supervisor","8 - 10 years",51000
"Health Researcher","8 - 10 years",52200
"Heath Care Administration ","8 - 10 years",30000
"Help Desk Technician","8 - 10 years",45000
"High School English Teacher","8 - 10 years",84500
"High School Math Teacher","8 - 10 years",47400
"High School Teacher","8 - 10 years",97500
"Higher Executive Officer","8 - 10 years",50000
"History Teacher","8 - 10 years",56600
"Home Attendant Hha","8 - 10 years",32000
"Homeroom Teacher","8 - 10 years",85000
"Hospital Librarian","8 - 10 years",65188
"Hospital Social Worker","8 - 10 years",152000
"Hotel Sales Manager","8 - 10 years",66950
"Hounited Statese Manager","8 - 10 years",33000
Hr,"8 - 10 years",11200000
"Hr Admin","8 - 10 years",51000
"Hr Adviser","8 - 10 years",70659
"Hr Advisor","8 - 10 years",104500
"Hr Analyst","8 - 10 years",130000
"Hr And Compensation Analyst","8 - 10 years",160000
"Hr And Operations Manager","8 - 10 years",67500
"Hr Assistant ","8 - 10 years",33280
"Hr Bunited Statesiness Analyst","8 - 10 years",162800
"Hr Bunited Statesiness Partner","8 - 10 years",538000
"Hr Bunited Statesiness Partner ","8 - 10 years",420000
"Hr Coordinator","8 - 10 years",208600
"Hr Data Analyst","8 - 10 years",55680
"Hr Director","8 - 10 years",327000
"Hr Generalist","8 - 10 years",486600
"Hr Generalist ","8 - 10 years",59000
"Hr M&A","8 - 10 years",180000
"Hr Manager","8 - 10 years",1824500
"Hr Officer, Systems And Reporting","8 - 10 years",64304
"Hr Representative ","8 - 10 years",60000
"Hr Specialist","8 - 10 years",377036
"Hr Specialist ","8 - 10 years",61800
"Hr Specialist Ii","8 - 10 years",36400
Hrbp,"8 - 10 years",450000
"Hrbp / Hris Admin","8 - 10 years",66000
Hris,"8 - 10 years",52000
"Hris Analyst","8 - 10 years",49900
"Human Factors Engineer","8 - 10 years",206000
"Human Resource Generalist","8 - 10 years",50000
"Human Resources ","8 - 10 years",37900
"Human Resources Administrator","8 - 10 years",58000
"Human Resources Advisor","8 - 10 years",170000
"Human Resources Assistant","8 - 10 years",29998
"Human Resources Associate","8 - 10 years",77633
"Human Resources Bunited Statesiness Partner","8 - 10 years",424000
"Human Resources Director","8 - 10 years",202000
"Human Resources Generalist","8 - 10 years",345891
"Human Resources Manager","8 - 10 years",374500
"Human Resources Representative","8 - 10 years",43829
"Human Resources: Talent And Learning","8 - 10 years",197000
Hydrogeologist,"8 - 10 years",160400
"Immigration Caseworker","8 - 10 years",22800
"Impact And Performance Manager","8 - 10 years",43000
"Implementation Consultant","8 - 10 years",200000
"Implementation Manager","8 - 10 years",657000
"Import Coordinator","8 - 10 years",47000
"Import Trade Compliance","8 - 10 years",340000
"Inclunited Statesion Facilitator","8 - 10 years",75000
"Infection Preventionist","8 - 10 years",222000
"Influencer Marketing Manager","8 - 10 years",480000
"Informatics Section Manager","8 - 10 years",215000
"Information And Program Manager","8 - 10 years",75000
"Information Architect","8 - 10 years",312000
"Information Manager","8 - 10 years",35000
"Information Professional (Librarian)","8 - 10 years",38000
"Information Security Architect","8 - 10 years",237000
"Information Systems Admin","8 - 10 years",57000
"Information Systems Analyst","8 - 10 years",65000
"Infrastructure Engineer","8 - 10 years",195800
"Inside Sales","8 - 10 years",44000
"Inside Sales Engineer","8 - 10 years",70000
"Insight And Engagement Officer","8 - 10 years",26000
"Insolvency Officer","8 - 10 years",26200
"Instructional Design Consultant ","8 - 10 years",81000
"Instructional Designer","8 - 10 years",1060312
"Instructional Designer/Lms Admin","8 - 10 years",70300
"Instructional Systems Specialist","8 - 10 years",202720
"Instructor/Assistant Director","8 - 10 years",41000
Instructor/Operator,"8 - 10 years",55000
"Instrument Specialist Engineer","8 - 10 years",35000
"Intake Admin Assistant","8 - 10 years",35000
"Intake Officer","8 - 10 years",70000
"Integrated Campaign Manager","8 - 10 years",174000
"Interior Designer","8 - 10 years",160500
"Interior Horticultural Technician ","8 - 10 years",33000
"Internal Auditor","8 - 10 years",71500
"Internal Communications Manager ","8 - 10 years",53000
"International Cunited Statestomer Service","8 - 10 years",42000
"International Relations Specialist","8 - 10 years",180612
"Internship Program Coordinator","8 - 10 years",45777
Interpreter,"8 - 10 years",1830000
"Inventory Analyst","8 - 10 years",37000
"Inventory Control Analyst","8 - 10 years",56200
"Inventory Manager","8 - 10 years",34320
"Investment Administrator","8 - 10 years",28000
"Investment Banker","8 - 10 years",520000
"Investment Operations Specialist","8 - 10 years",63000
"Ios Developer","8 - 10 years",240000
"Ip Assistant Clerk ","8 - 10 years",38200
"Ip Paralegal","8 - 10 years",162000
"Ip Paralegal/Technical Librarian","8 - 10 years",153994
"Irb Administrator ","8 - 10 years",64000
"Issue Advocacy Manager","8 - 10 years",36360
"It Admin","8 - 10 years",30000
"It Bunited Statesiness Analyst","8 - 10 years",160000
"It Bunited Statesiness Consultant","8 - 10 years",204000
"It Director","8 - 10 years",528000
"It Manager","8 - 10 years",260000
"It Manager, Service Desk And Deskside Support","8 - 10 years",254000
"It Project Manager","8 - 10 years",464500
"It Recruiter","8 - 10 years",190000
"It Security Manager","8 - 10 years",274000
"It Specialist","8 - 10 years",160000
"It Specialist (Sys Admin)","8 - 10 years",160000
"It Support Engineer I","8 - 10 years",74500
"It Support Technician","8 - 10 years",43000
"Japanese To English Translator","8 - 10 years",7200000
Journalist,"8 - 10 years",50000
"Jr Qa Analyst","8 - 10 years",74000
"Junior Accountant","8 - 10 years",40000
"Junior Project Manager ","8 - 10 years",67160
"Kitchen Manager","8 - 10 years",30000
"Knowledge Manager","8 - 10 years",66000
"Lab Manager","8 - 10 years",160000
"Lab Tech","8 - 10 years",40000
"Laboratory Analyst Iii","8 - 10 years",63320
"Labour Relations Officer","8 - 10 years",73320
Labourer/Carpenter,"8 - 10 years",44580
"Landscape Designer","8 - 10 years",48850
"Landscape Lighting Installer/General Laborer","8 - 10 years",36480
"Laundry Attendant","8 - 10 years",416480
Lawyer,"8 - 10 years",370000
"Lawyer / Public Servant","8 - 10 years",236000
Lead,"8 - 10 years",5200000
"Lead Administrator","8 - 10 years",27000
"Lead Analyst ","8 - 10 years",680000
"Lead Data Strategist","8 - 10 years",222000
"Lead Foster Technician","8 - 10 years",34000
"Lead Functional Analyst ","8 - 10 years",185340
"Lead Gift Analyst","8 - 10 years",150600
